db_name,full_path,age
/content/face-alignment-mtcnn/cropped_fgnet,056A15.JPG,15
/content/face-alignment-mtcnn/cropped_fgnet,061A15.JPG,15
/content/face-alignment-mtcnn/cropped_fgnet,020A20.JPG,20
/content/face-alignment-mtcnn/cropped_fgnet,073A15.JPG,15
/content/face-alignment-mtcnn/cropped_fgnet,012A14.JPG,14
/content/face-alignment-mtcnn/cropped_fgnet,044A25.JPG,25
/content/face-alignment-mtcnn/cropped_fgnet,026A06.JPG,6
/content/face-alignment-mtcnn/cropped_fgnet,039A52.JPG,52
/content/face-alignment-mtcnn/cropped_fgnet,028A26.JPG,26
/content/face-alignment-mtcnn/cropped_fgnet,060A06.JPG,6
/content/face-alignment-mtcnn/cropped_fgnet,054A10.JPG,10
/content/face-alignment-mtcnn/cropped_fgnet,007A37.JPG,37
/content/face-alignment-mtcnn/cropped_fgnet,051A02.JPG,2
/content/face-alignment-mtcnn/cropped_fgnet,014A30.JPG,30
/content/face-alignment-mtcnn/cropped_fgnet,075A03.JPG,3
/content/face-alignment-mtcnn/cropped_fgnet,043A04.JPG,4
/content/face-alignment-mtcnn/cropped_fgnet,014A16.JPG,16
/content/face-alignment-mtcnn/cropped_fgnet,045A19.JPG,19
/content/face-alignment-mtcnn/cropped_fgnet,059A14.JPG,14
/content/face-alignment-mtcnn/cropped_fgnet,037A13.JPG,13
/content/face-alignment-mtcnn/cropped_fgnet,024A19.JPG,19
/content/face-alignment-mtcnn/cropped_fgnet,020A36.JPG,36
/content/face-alignment-mtcnn/cropped_fgnet,054A12.JPG,12
/content/face-alignment-mtcnn/cropped_fgnet,065A12.JPG,12
/content/face-alignment-mtcnn/cropped_fgnet,058A13.JPG,13
/content/face-alignment-mtcnn/cropped_fgnet,046A06.JPG,6
/content/face-alignment-mtcnn/cropped_fgnet,060A05.JPG,5
/content/face-alignment-mtcnn/cropped_fgnet,012A34.JPG,34
/content/face-alignment-mtcnn/cropped_fgnet,023A09.JPG,9
/content/face-alignment-mtcnn/cropped_fgnet,046A00.JPG,0
/content/face-alignment-mtcnn/cropped_fgnet,069A06.JPG,6
/content/face-alignment-mtcnn/cropped_fgnet,073A14.JPG,14
/content/face-alignment-mtcnn/cropped_fgnet,002A03.JPG,3
/content/face-alignment-mtcnn/cropped_fgnet,068A13.JPG,13
/content/face-alignment-mtcnn/cropped_fgnet,050A00.JPG,0
/content/face-alignment-mtcnn/cropped_fgnet,069A05.JPG,5
/content/face-alignment-mtcnn/cropped_fgnet,001A43b.JPG,43
/content/face-alignment-mtcnn/cropped_fgnet,076A00.JPG,0
/content/face-alignment-mtcnn/cropped_fgnet,061A26.JPG,26
/content/face-alignment-mtcnn/cropped_fgnet,043A15.JPG,15
/content/face-alignment-mtcnn/cropped_fgnet,011A05.JPG,5
/content/face-alignment-mtcnn/cropped_fgnet,001A02.JPG,2
/content/face-alignment-mtcnn/cropped_fgnet,059A16.JPG,16
/content/face-alignment-mtcnn/cropped_fgnet,006A51.JPG,51
/content/face-alignment-mtcnn/cropped_fgnet,044A17.JPG,17
/content/face-alignment-mtcnn/cropped_fgnet,023A25.JPG,25
/content/face-alignment-mtcnn/cropped_fgnet,006A31.JPG,31
/content/face-alignment-mtcnn/cropped_fgnet,075A06.JPG,6
/content/face-alignment-mtcnn/cropped_fgnet,032A28.JPG,28
/content/face-alignment-mtcnn/cropped_fgnet,081A00.JPG,0
/content/face-alignment-mtcnn/cropped_fgnet,014A36.JPG,36
/content/face-alignment-mtcnn/cropped_fgnet,017A19.JPG,19
/content/face-alignment-mtcnn/cropped_fgnet,020A13.JPG,13
/content/face-alignment-mtcnn/cropped_fgnet,025A28.JPG,28
/content/face-alignment-mtcnn/cropped_fgnet,039A16.JPG,16
/content/face-alignment-mtcnn/cropped_fgnet,052A18.JPG,18
/content/face-alignment-mtcnn/cropped_fgnet,046A10.JPG,10
/content/face-alignment-mtcnn/cropped_fgnet,079A00.JPG,0
/content/face-alignment-mtcnn/cropped_fgnet,077A14.JPG,14
/content/face-alignment-mtcnn/cropped_fgnet,080A07.JPG,7
/content/face-alignment-mtcnn/cropped_fgnet,007A23.JPG,23
/content/face-alignment-mtcnn/cropped_fgnet,031A03.JPG,3
/content/face-alignment-mtcnn/cropped_fgnet,016A10.JPG,10
/content/face-alignment-mtcnn/cropped_fgnet,057A18.JPG,18
/content/face-alignment-mtcnn/cropped_fgnet,080A08.JPG,8
/content/face-alignment-mtcnn/cropped_fgnet,081A04.JPG,4
/content/face-alignment-mtcnn/cropped_fgnet,040A05.JPG,5
/content/face-alignment-mtcnn/cropped_fgnet,038A34.JPG,34
/content/face-alignment-mtcnn/cropped_fgnet,058A17.JPG,17
/content/face-alignment-mtcnn/cropped_fgnet,059A12.JPG,12
/content/face-alignment-mtcnn/cropped_fgnet,035A23b.JPG,23
/content/face-alignment-mtcnn/cropped_fgnet,076A02.JPG,2
/content/face-alignment-mtcnn/cropped_fgnet,053A13.JPG,13
/content/face-alignment-mtcnn/cropped_fgnet,005A48.JPG,48
/content/face-alignment-mtcnn/cropped_fgnet,036A11.JPG,11
/content/face-alignment-mtcnn/cropped_fgnet,026A19.JPG,19
/content/face-alignment-mtcnn/cropped_fgnet,054A19.JPG,19
/content/face-alignment-mtcnn/cropped_fgnet,076A03.JPG,3
/content/face-alignment-mtcnn/cropped_fgnet,026A07.JPG,7
/content/face-alignment-mtcnn/cropped_fgnet,041A24.JPG,24
/content/face-alignment-mtcnn/cropped_fgnet,077A04.JPG,4
/content/face-alignment-mtcnn/cropped_fgnet,054A00.JPG,0
/content/face-alignment-mtcnn/cropped_fgnet,042A01.JPG,1
/content/face-alignment-mtcnn/cropped_fgnet,027A02.JPG,2
/content/face-alignment-mtcnn/cropped_fgnet,006A69.JPG,69
/content/face-alignment-mtcnn/cropped_fgnet,012A26.JPG,26
/content/face-alignment-mtcnn/cropped_fgnet,042A05.JPG,5
/content/face-alignment-mtcnn/cropped_fgnet,048A49.JPG,49
/content/face-alignment-mtcnn/cropped_fgnet,004A37.JPG,37
/content/face-alignment-mtcnn/cropped_fgnet,072A34.JPG,34
/content/face-alignment-mtcnn/cropped_fgnet,019A03.JPG,3
/content/face-alignment-mtcnn/cropped_fgnet,071A18.JPG,18
/content/face-alignment-mtcnn/cropped_fgnet,037A11.JPG,11
/content/face-alignment-mtcnn/cropped_fgnet,016A07.JPG,7
/content/face-alignment-mtcnn/cropped_fgnet,022A11.JPG,11
/content/face-alignment-mtcnn/cropped_fgnet,067A33.JPG,33
/content/face-alignment-mtcnn/cropped_fgnet,049A04.JPG,4
/content/face-alignment-mtcnn/cropped_fgnet,012A07.JPG,7
/content/face-alignment-mtcnn/cropped_fgnet,034A25.JPG,25
/content/face-alignment-mtcnn/cropped_fgnet,012A21.JPG,21
/content/face-alignment-mtcnn/cropped_fgnet,030A18.JPG,18
/content/face-alignment-mtcnn/cropped_fgnet,073A07.JPG,7
/content/face-alignment-mtcnn/cropped_fgnet,013A00.JPG,0
/content/face-alignment-mtcnn/cropped_fgnet,053A12.JPG,12
/content/face-alignment-mtcnn/cropped_fgnet,072A45.JPG,45
/content/face-alignment-mtcnn/cropped_fgnet,065A13.JPG,13
/content/face-alignment-mtcnn/cropped_fgnet,040A00.JPG,0
/content/face-alignment-mtcnn/cropped_fgnet,078A07.JPG,7
/content/face-alignment-mtcnn/cropped_fgnet,055A23.JPG,23
/content/face-alignment-mtcnn/cropped_fgnet,012A36.JPG,36
/content/face-alignment-mtcnn/cropped_fgnet,022A27.JPG,27
/content/face-alignment-mtcnn/cropped_fgnet,049A05.JPG,5
/content/face-alignment-mtcnn/cropped_fgnet,076A11.JPG,11
/content/face-alignment-mtcnn/cropped_fgnet,042A28.JPG,28
/content/face-alignment-mtcnn/cropped_fgnet,057A17.JPG,17
/content/face-alignment-mtcnn/cropped_fgnet,069A07.JPG,7
/content/face-alignment-mtcnn/cropped_fgnet,047A18.JPG,18
/content/face-alignment-mtcnn/cropped_fgnet,067A14.JPG,14
/content/face-alignment-mtcnn/cropped_fgnet,015A09.JPG,9
/content/face-alignment-mtcnn/cropped_fgnet,069A10.JPG,10
/content/face-alignment-mtcnn/cropped_fgnet,076A08.JPG,8
/content/face-alignment-mtcnn/cropped_fgnet,055A05.JPG,5
/content/face-alignment-mtcnn/cropped_fgnet,005A45.JPG,45
/content/face-alignment-mtcnn/cropped_fgnet,048A15.JPG,15
/content/face-alignment-mtcnn/cropped_fgnet,017A26.JPG,26
/content/face-alignment-mtcnn/cropped_fgnet,079A06.JPG,6
/content/face-alignment-mtcnn/cropped_fgnet,024A00.JPG,0
/content/face-alignment-mtcnn/cropped_fgnet,045A18.JPG,18
/content/face-alignment-mtcnn/cropped_fgnet,020A16.JPG,16
/content/face-alignment-mtcnn/cropped_fgnet,074A11.JPG,11
/content/face-alignment-mtcnn/cropped_fgnet,056A01.JPG,1
/content/face-alignment-mtcnn/cropped_fgnet,044A13.JPG,13
/content/face-alignment-mtcnn/cropped_fgnet,006A28.JPG,28
/content/face-alignment-mtcnn/cropped_fgnet,052A07.JPG,7
/content/face-alignment-mtcnn/cropped_fgnet,080A05.JPG,5
/content/face-alignment-mtcnn/cropped_fgnet,017A05.JPG,5
/content/face-alignment-mtcnn/cropped_fgnet,046A17.JPG,17
/content/face-alignment-mtcnn/cropped_fgnet,047A20.JPG,20
/content/face-alignment-mtcnn/cropped_fgnet,032A06.JPG,6
/content/face-alignment-mtcnn/cropped_fgnet,054A09.JPG,9
/content/face-alignment-mtcnn/cropped_fgnet,042A08.JPG,8
/content/face-alignment-mtcnn/cropped_fgnet,045A12.JPG,12
/content/face-alignment-mtcnn/cropped_fgnet,002A36.JPG,36
/content/face-alignment-mtcnn/cropped_fgnet,003A18.JPG,18
/content/face-alignment-mtcnn/cropped_fgnet,059A03.JPG,3
/content/face-alignment-mtcnn/cropped_fgnet,049A12.JPG,12
/content/face-alignment-mtcnn/cropped_fgnet,018A06.JPG,6
/content/face-alignment-mtcnn/cropped_fgnet,045A43.JPG,43
/content/face-alignment-mtcnn/cropped_fgnet,076A09.JPG,9
/content/face-alignment-mtcnn/cropped_fgnet,006A55.JPG,55
/content/face-alignment-mtcnn/cropped_fgnet,009A22a.JPG,22
/content/face-alignment-mtcnn/cropped_fgnet,036A17.JPG,17
/content/face-alignment-mtcnn/cropped_fgnet,015A15.JPG,15
/content/face-alignment-mtcnn/cropped_fgnet,023A16.JPG,16
/content/face-alignment-mtcnn/cropped_fgnet,079A01.JPG,1
/content/face-alignment-mtcnn/cropped_fgnet,025A00.JPG,0
/content/face-alignment-mtcnn/cropped_fgnet,011A42.JPG,42
/content/face-alignment-mtcnn/cropped_fgnet,027A18.JPG,18
/content/face-alignment-mtcnn/cropped_fgnet,028A37.JPG,37
/content/face-alignment-mtcnn/cropped_fgnet,073A13.JPG,13
/content/face-alignment-mtcnn/cropped_fgnet,008A12.JPG,12
/content/face-alignment-mtcnn/cropped_fgnet,031A19.JPG,19
/content/face-alignment-mtcnn/cropped_fgnet,082A23.JPG,23
/content/face-alignment-mtcnn/cropped_fgnet,077A07.JPG,7
/content/face-alignment-mtcnn/cropped_fgnet,072A19.JPG,19
/content/face-alignment-mtcnn/cropped_fgnet,070A14.JPG,14
/content/face-alignment-mtcnn/cropped_fgnet,064A19.JPG,19
/content/face-alignment-mtcnn/cropped_fgnet,012A18.JPG,18
/content/face-alignment-mtcnn/cropped_fgnet,065A02a.JPG,2
/content/face-alignment-mtcnn/cropped_fgnet,002A21.JPG,21
/content/face-alignment-mtcnn/cropped_fgnet,018A22.JPG,22
/content/face-alignment-mtcnn/cropped_fgnet,044A01.JPG,1
/content/face-alignment-mtcnn/cropped_fgnet,062A15.JPG,15
/content/face-alignment-mtcnn/cropped_fgnet,042A18.JPG,18
/content/face-alignment-mtcnn/cropped_fgnet,071A35.JPG,35
/content/face-alignment-mtcnn/cropped_fgnet,037A01.JPG,1
/content/face-alignment-mtcnn/cropped_fgnet,063A20.JPG,20
/content/face-alignment-mtcnn/cropped_fgnet,025A07.JPG,7
/content/face-alignment-mtcnn/cropped_fgnet,047A27.JPG,27
/content/face-alignment-mtcnn/cropped_fgnet,046A18.JPG,18
/content/face-alignment-mtcnn/cropped_fgnet,012A30.JPG,30
/content/face-alignment-mtcnn/cropped_fgnet,026A15.JPG,15
/content/face-alignment-mtcnn/cropped_fgnet,070A06.JPG,6
/content/face-alignment-mtcnn/cropped_fgnet,048A17.JPG,17
/content/face-alignment-mtcnn/cropped_fgnet,069A09.JPG,9
/content/face-alignment-mtcnn/cropped_fgnet,028A28.JPG,28
/content/face-alignment-mtcnn/cropped_fgnet,037A00.JPG,0
/content/face-alignment-mtcnn/cropped_fgnet,078A04.JPG,4
/content/face-alignment-mtcnn/cropped_fgnet,041A09.JPG,9
/content/face-alignment-mtcnn/cropped_fgnet,062A45.JPG,45
/content/face-alignment-mtcnn/cropped_fgnet,002A18.JPG,18
/content/face-alignment-mtcnn/cropped_fgnet,028A16.JPG,16
/content/face-alignment-mtcnn/cropped_fgnet,035A14.JPG,14
/content/face-alignment-mtcnn/cropped_fgnet,045A03.JPG,3
/content/face-alignment-mtcnn/cropped_fgnet,048A16.JPG,16
/content/face-alignment-mtcnn/cropped_fgnet,010A16.JPG,16
/content/face-alignment-mtcnn/cropped_fgnet,059A07.JPG,7
/content/face-alignment-mtcnn/cropped_fgnet,021A03.JPG,3
/content/face-alignment-mtcnn/cropped_fgnet,078A01.JPG,1
/content/face-alignment-mtcnn/cropped_fgnet,035A03.JPG,3
/content/face-alignment-mtcnn/cropped_fgnet,057A12.JPG,12
/content/face-alignment-mtcnn/cropped_fgnet,004A63.JPG,63
/content/face-alignment-mtcnn/cropped_fgnet,029A22.JPG,22
/content/face-alignment-mtcnn/cropped_fgnet,034A04.JPG,4
/content/face-alignment-mtcnn/cropped_fgnet,062A47.JPG,47
/content/face-alignment-mtcnn/cropped_fgnet,076A05.JPG,5
/content/face-alignment-mtcnn/cropped_fgnet,078A14.JPG,14
/content/face-alignment-mtcnn/cropped_fgnet,009A16a.JPG,16
/content/face-alignment-mtcnn/cropped_fgnet,047A09.JPG,9
/content/face-alignment-mtcnn/cropped_fgnet,003A60.JPG,60
/content/face-alignment-mtcnn/cropped_fgnet,006A67.JPG,67
/content/face-alignment-mtcnn/cropped_fgnet,073A16.JPG,16
/content/face-alignment-mtcnn/cropped_fgnet,005A18.JPG,18
/content/face-alignment-mtcnn/cropped_fgnet,054A02.JPG,2
/content/face-alignment-mtcnn/cropped_fgnet,059A06.JPG,6
/content/face-alignment-mtcnn/cropped_fgnet,040A10.JPG,10
/content/face-alignment-mtcnn/cropped_fgnet,054A18.JPG,18
/content/face-alignment-mtcnn/cropped_fgnet,033A10.JPG,10
/content/face-alignment-mtcnn/cropped_fgnet,043A13.JPG,13
/content/face-alignment-mtcnn/cropped_fgnet,075A08.JPG,8
/content/face-alignment-mtcnn/cropped_fgnet,019A27.JPG,27
/content/face-alignment-mtcnn/cropped_fgnet,006A24.JPG,24
/content/face-alignment-mtcnn/cropped_fgnet,059A02a.JPG,2
/content/face-alignment-mtcnn/cropped_fgnet,070A09.JPG,9
/content/face-alignment-mtcnn/cropped_fgnet,066A09.JPG,9
/content/face-alignment-mtcnn/cropped_fgnet,071A42.JPG,42
/content/face-alignment-mtcnn/cropped_fgnet,020A11.JPG,11
/content/face-alignment-mtcnn/cropped_fgnet,047A13.JPG,13
/content/face-alignment-mtcnn/cropped_fgnet,023A05.JPG,5
/content/face-alignment-mtcnn/cropped_fgnet,054A13.JPG,13
/content/face-alignment-mtcnn/cropped_fgnet,052A13.JPG,13
/content/face-alignment-mtcnn/cropped_fgnet,064A04.JPG,4
/content/face-alignment-mtcnn/cropped_fgnet,007A45.JPG,45
/content/face-alignment-mtcnn/cropped_fgnet,077A16.JPG,16
/content/face-alignment-mtcnn/cropped_fgnet,013A34.JPG,34
/content/face-alignment-mtcnn/cropped_fgnet,036A19.JPG,19
/content/face-alignment-mtcnn/cropped_fgnet,050A06.JPG,6
/content/face-alignment-mtcnn/cropped_fgnet,027A13.JPG,13
/content/face-alignment-mtcnn/cropped_fgnet,011A17.JPG,17
/content/face-alignment-mtcnn/cropped_fgnet,022A14.JPG,14
/content/face-alignment-mtcnn/cropped_fgnet,025A18.JPG,18
/content/face-alignment-mtcnn/cropped_fgnet,006A40.JPG,40
/content/face-alignment-mtcnn/cropped_fgnet,014A18.JPG,18
/content/face-alignment-mtcnn/cropped_fgnet,048A54.JPG,54
/content/face-alignment-mtcnn/cropped_fgnet,055A06.JPG,6
/content/face-alignment-mtcnn/cropped_fgnet,068A04.JPG,4
/content/face-alignment-mtcnn/cropped_fgnet,073A09.JPG,9
/content/face-alignment-mtcnn/cropped_fgnet,029A04.JPG,4
/content/face-alignment-mtcnn/cropped_fgnet,001A28.JPG,28
/content/face-alignment-mtcnn/cropped_fgnet,071A10.JPG,10
/content/face-alignment-mtcnn/cropped_fgnet,047A06.JPG,6
/content/face-alignment-mtcnn/cropped_fgnet,057A05.JPG,5
/content/face-alignment-mtcnn/cropped_fgnet,029A05.JPG,5
/content/face-alignment-mtcnn/cropped_fgnet,038A13.JPG,13
/content/face-alignment-mtcnn/cropped_fgnet,061A32.JPG,32
/content/face-alignment-mtcnn/cropped_fgnet,014A14.JPG,14
/content/face-alignment-mtcnn/cropped_fgnet,008A06.JPG,6
/content/face-alignment-mtcnn/cropped_fgnet,048A10.JPG,10
/content/face-alignment-mtcnn/cropped_fgnet,015A05.JPG,5
/content/face-alignment-mtcnn/cropped_fgnet,037A08.JPG,8
/content/face-alignment-mtcnn/cropped_fgnet,049A15.JPG,15
/content/face-alignment-mtcnn/cropped_fgnet,077A13.JPG,13
/content/face-alignment-mtcnn/cropped_fgnet,033A18.JPG,18
/content/face-alignment-mtcnn/cropped_fgnet,052A20.JPG,20
/content/face-alignment-mtcnn/cropped_fgnet,075A01.JPG,1
/content/face-alignment-mtcnn/cropped_fgnet,060A04.JPG,4
/content/face-alignment-mtcnn/cropped_fgnet,074A15.JPG,15
/content/face-alignment-mtcnn/cropped_fgnet,056A10.JPG,10
/content/face-alignment-mtcnn/cropped_fgnet,040A16.JPG,16
/content/face-alignment-mtcnn/cropped_fgnet,073A06.JPG,6
/content/face-alignment-mtcnn/cropped_fgnet,066A11.JPG,11
/content/face-alignment-mtcnn/cropped_fgnet,062A54.JPG,54
/content/face-alignment-mtcnn/cropped_fgnet,058A02.JPG,2
/content/face-alignment-mtcnn/cropped_fgnet,039A10.JPG,10
/content/face-alignment-mtcnn/cropped_fgnet,071A44.JPG,44
/content/face-alignment-mtcnn/cropped_fgnet,041A04.JPG,4
/content/face-alignment-mtcnn/cropped_fgnet,020A30.JPG,30
/content/face-alignment-mtcnn/cropped_fgnet,004A51.JPG,51
/content/face-alignment-mtcnn/cropped_fgnet,035A08.JPG,8
/content/face-alignment-mtcnn/cropped_fgnet,049A17.JPG,17
/content/face-alignment-mtcnn/cropped_fgnet,075A05.JPG,5
/content/face-alignment-mtcnn/cropped_fgnet,043A03.JPG,3
/content/face-alignment-mtcnn/cropped_fgnet,065A03b.JPG,3
/content/face-alignment-mtcnn/cropped_fgnet,007A01.JPG,1
/content/face-alignment-mtcnn/cropped_fgnet,034A39.JPG,39
/content/face-alignment-mtcnn/cropped_fgnet,079A13.JPG,13
/content/face-alignment-mtcnn/cropped_fgnet,051A05.JPG,5
/content/face-alignment-mtcnn/cropped_fgnet,052A02.JPG,2
/content/face-alignment-mtcnn/cropped_fgnet,071A22.JPG,22
/content/face-alignment-mtcnn/cropped_fgnet,073A02.JPG,2
/content/face-alignment-mtcnn/cropped_fgnet,004A40.JPG,40
/content/face-alignment-mtcnn/cropped_fgnet,075A07.JPG,7
/content/face-alignment-mtcnn/cropped_fgnet,064A03.JPG,3
/content/face-alignment-mtcnn/cropped_fgnet,044A15.JPG,15
/content/face-alignment-mtcnn/cropped_fgnet,012A24.JPG,24
/content/face-alignment-mtcnn/cropped_fgnet,078A08.JPG,8
/content/face-alignment-mtcnn/cropped_fgnet,076A17.JPG,17
/content/face-alignment-mtcnn/cropped_fgnet,015A12.JPG,12
/content/face-alignment-mtcnn/cropped_fgnet,066A10.JPG,10
/content/face-alignment-mtcnn/cropped_fgnet,069A03.JPG,3
/content/face-alignment-mtcnn/cropped_fgnet,029A16.JPG,16
/content/face-alignment-mtcnn/cropped_fgnet,077A08.JPG,8
/content/face-alignment-mtcnn/cropped_fgnet,013A08.JPG,8
/content/face-alignment-mtcnn/cropped_fgnet,044A21.JPG,21
/content/face-alignment-mtcnn/cropped_fgnet,061A25.JPG,25
/content/face-alignment-mtcnn/cropped_fgnet,078A05.JPG,5
/content/face-alignment-mtcnn/cropped_fgnet,078A00.JPG,0
/content/face-alignment-mtcnn/cropped_fgnet,062A35.JPG,35
/content/face-alignment-mtcnn/cropped_fgnet,013A21.JPG,21
/content/face-alignment-mtcnn/cropped_fgnet,072A27.JPG,27
/content/face-alignment-mtcnn/cropped_fgnet,071A43.JPG,43
/content/face-alignment-mtcnn/cropped_fgnet,049A08.JPG,8
/content/face-alignment-mtcnn/cropped_fgnet,039A13.JPG,13
/content/face-alignment-mtcnn/cropped_fgnet,033A30.JPG,30
/content/face-alignment-mtcnn/cropped_fgnet,038A11.JPG,11
/content/face-alignment-mtcnn/cropped_fgnet,008A35.JPG,35
/content/face-alignment-mtcnn/cropped_fgnet,038A05.JPG,5
/content/face-alignment-mtcnn/cropped_fgnet,008A08.JPG,8
/content/face-alignment-mtcnn/cropped_fgnet,008A17.JPG,17
/content/face-alignment-mtcnn/cropped_fgnet,066A02b.JPG,2
/content/face-alignment-mtcnn/cropped_fgnet,009A01.JPG,1
/content/face-alignment-mtcnn/cropped_fgnet,028A35.JPG,35
/content/face-alignment-mtcnn/cropped_fgnet,065A07b.JPG,7
/content/face-alignment-mtcnn/cropped_fgnet,036A06.JPG,6
/content/face-alignment-mtcnn/cropped_fgnet,074A04.JPG,4
/content/face-alignment-mtcnn/cropped_fgnet,021A27.JPG,27
/content/face-alignment-mtcnn/cropped_fgnet,062A53.JPG,53
/content/face-alignment-mtcnn/cropped_fgnet,002A04.JPG,4
/content/face-alignment-mtcnn/cropped_fgnet,051A18.JPG,18
/content/face-alignment-mtcnn/cropped_fgnet,033A05.JPG,5
/content/face-alignment-mtcnn/cropped_fgnet,058A06.JPG,6
/content/face-alignment-mtcnn/cropped_fgnet,013A19.JPG,19
/content/face-alignment-mtcnn/cropped_fgnet,002A20.JPG,20
/content/face-alignment-mtcnn/cropped_fgnet,018A25.JPG,25
/content/face-alignment-mtcnn/cropped_fgnet,074A13.JPG,13
/content/face-alignment-mtcnn/cropped_fgnet,063A33.JPG,33
/content/face-alignment-mtcnn/cropped_fgnet,047A15.JPG,15
/content/face-alignment-mtcnn/cropped_fgnet,059A04.JPG,4
/content/face-alignment-mtcnn/cropped_fgnet,025A19.JPG,19
/content/face-alignment-mtcnn/cropped_fgnet,021A39.JPG,39
/content/face-alignment-mtcnn/cropped_fgnet,068A12.JPG,12
/content/face-alignment-mtcnn/cropped_fgnet,037A19.JPG,19
/content/face-alignment-mtcnn/cropped_fgnet,079A07.JPG,7
/content/face-alignment-mtcnn/cropped_fgnet,041A02.JPG,2
/content/face-alignment-mtcnn/cropped_fgnet,015A04.JPG,4
/content/face-alignment-mtcnn/cropped_fgnet,010A01.JPG,1
/content/face-alignment-mtcnn/cropped_fgnet,034A44.JPG,44
/content/face-alignment-mtcnn/cropped_fgnet,025A39.JPG,39
/content/face-alignment-mtcnn/cropped_fgnet,038A10.JPG,10
/content/face-alignment-mtcnn/cropped_fgnet,008A13.JPG,13
/content/face-alignment-mtcnn/cropped_fgnet,031A16.JPG,16
/content/face-alignment-mtcnn/cropped_fgnet,057A16.JPG,16
/content/face-alignment-mtcnn/cropped_fgnet,043A05.JPG,5
/content/face-alignment-mtcnn/cropped_fgnet,010A12.JPG,12
/content/face-alignment-mtcnn/cropped_fgnet,031A11.JPG,11
/content/face-alignment-mtcnn/cropped_fgnet,008A21.JPG,21
/content/face-alignment-mtcnn/cropped_fgnet,066A02a.JPG,2
/content/face-alignment-mtcnn/cropped_fgnet,042A12.JPG,12
/content/face-alignment-mtcnn/cropped_fgnet,014A22.JPG,22
/content/face-alignment-mtcnn/cropped_fgnet,017A42.JPG,42
/content/face-alignment-mtcnn/cropped_fgnet,003A61.JPG,61
/content/face-alignment-mtcnn/cropped_fgnet,076A04.JPG,4
/content/face-alignment-mtcnn/cropped_fgnet,030A07.JPG,7
/content/face-alignment-mtcnn/cropped_fgnet,027A22.JPG,22
/content/face-alignment-mtcnn/cropped_fgnet,027A16.JPG,16
/content/face-alignment-mtcnn/cropped_fgnet,003A47.JPG,47
/content/face-alignment-mtcnn/cropped_fgnet,029A29.JPG,29
/content/face-alignment-mtcnn/cropped_fgnet,071A45.JPG,45
/content/face-alignment-mtcnn/cropped_fgnet,032A13.JPG,13
/content/face-alignment-mtcnn/cropped_fgnet,003A23.JPG,23
/content/face-alignment-mtcnn/cropped_fgnet,039A02.JPG,2
/content/face-alignment-mtcnn/cropped_fgnet,030A04.JPG,4
/content/face-alignment-mtcnn/cropped_fgnet,070A08.JPG,8
/content/face-alignment-mtcnn/cropped_fgnet,047A23.JPG,23
/content/face-alignment-mtcnn/cropped_fgnet,081A03.JPG,3
/content/face-alignment-mtcnn/cropped_fgnet,051A15.JPG,15
/content/face-alignment-mtcnn/cropped_fgnet,073A12.JPG,12
/content/face-alignment-mtcnn/cropped_fgnet,015A07.JPG,7
/content/face-alignment-mtcnn/cropped_fgnet,053A15.JPG,15
/content/face-alignment-mtcnn/cropped_fgnet,081A07.JPG,7
/content/face-alignment-mtcnn/cropped_fgnet,039A17.JPG,17
/content/face-alignment-mtcnn/cropped_fgnet,036A05.JPG,5
/content/face-alignment-mtcnn/cropped_fgnet,005A30.JPG,30
/content/face-alignment-mtcnn/cropped_fgnet,040A09.JPG,9
/content/face-alignment-mtcnn/cropped_fgnet,022A18.JPG,18
/content/face-alignment-mtcnn/cropped_fgnet,041A20.JPG,20
/content/face-alignment-mtcnn/cropped_fgnet,019A23.JPG,23
/content/face-alignment-mtcnn/cropped_fgnet,057A06.JPG,6
/content/face-alignment-mtcnn/cropped_fgnet,019A18.JPG,18
/content/face-alignment-mtcnn/cropped_fgnet,019A12.JPG,12
/content/face-alignment-mtcnn/cropped_fgnet,035A07.JPG,7
/content/face-alignment-mtcnn/cropped_fgnet,014A40.JPG,40
/content/face-alignment-mtcnn/cropped_fgnet,008A33.JPG,33
/content/face-alignment-mtcnn/cropped_fgnet,013A25.JPG,25
/content/face-alignment-mtcnn/cropped_fgnet,034A16.JPG,16
/content/face-alignment-mtcnn/cropped_fgnet,060A07.JPG,7
/content/face-alignment-mtcnn/cropped_fgnet,068A00.JPG,0
/content/face-alignment-mtcnn/cropped_fgnet,030A16.JPG,16
/content/face-alignment-mtcnn/cropped_fgnet,019A30.JPG,30
/content/face-alignment-mtcnn/cropped_fgnet,011A07.JPG,7
/content/face-alignment-mtcnn/cropped_fgnet,078A10.JPG,10
/content/face-alignment-mtcnn/cropped_fgnet,002A29.JPG,29
/content/face-alignment-mtcnn/cropped_fgnet,024A23.JPG,23
/content/face-alignment-mtcnn/cropped_fgnet,008A29.JPG,29
/content/face-alignment-mtcnn/cropped_fgnet,046A08.JPG,8
/content/face-alignment-mtcnn/cropped_fgnet,025A34.JPG,34
/content/face-alignment-mtcnn/cropped_fgnet,033A39.JPG,39
/content/face-alignment-mtcnn/cropped_fgnet,053A18.JPG,18
/content/face-alignment-mtcnn/cropped_fgnet,062A18.JPG,18
/content/face-alignment-mtcnn/cropped_fgnet,040A02.JPG,2
/content/face-alignment-mtcnn/cropped_fgnet,032A10.JPG,10
/content/face-alignment-mtcnn/cropped_fgnet,063A00.JPG,0
/content/face-alignment-mtcnn/cropped_fgnet,065A06a.JPG,6
/content/face-alignment-mtcnn/cropped_fgnet,064A10.JPG,10
/content/face-alignment-mtcnn/cropped_fgnet,063A25.JPG,25
/content/face-alignment-mtcnn/cropped_fgnet,019A00.JPG,0
/content/face-alignment-mtcnn/cropped_fgnet,037A06.JPG,6
/content/face-alignment-mtcnn/cropped_fgnet,054A11.JPG,11
/content/face-alignment-mtcnn/cropped_fgnet,079A04.JPG,4
/content/face-alignment-mtcnn/cropped_fgnet,003A51.JPG,51
/content/face-alignment-mtcnn/cropped_fgnet,051A12.JPG,12
/content/face-alignment-mtcnn/cropped_fgnet,059A02b.JPG,2
/content/face-alignment-mtcnn/cropped_fgnet,017A36.JPG,36
/content/face-alignment-mtcnn/cropped_fgnet,062A03.JPG,3
/content/face-alignment-mtcnn/cropped_fgnet,067A17.JPG,17
/content/face-alignment-mtcnn/cropped_fgnet,016A17.JPG,17
/content/face-alignment-mtcnn/cropped_fgnet,048A50.JPG,50
/content/face-alignment-mtcnn/cropped_fgnet,046A20.JPG,20
/content/face-alignment-mtcnn/cropped_fgnet,038A00.JPG,0
/content/face-alignment-mtcnn/cropped_fgnet,043A00.JPG,0
/content/face-alignment-mtcnn/cropped_fgnet,060A17.JPG,17
/content/face-alignment-mtcnn/cropped_fgnet,033A44.JPG,44
/content/face-alignment-mtcnn/cropped_fgnet,042A04.JPG,4
/content/face-alignment-mtcnn/cropped_fgnet,029A23.JPG,23
/content/face-alignment-mtcnn/cropped_fgnet,001A22.JPG,22
/content/face-alignment-mtcnn/cropped_fgnet,024A07.JPG,7
/content/face-alignment-mtcnn/cropped_fgnet,082A21.JPG,21
/content/face-alignment-mtcnn/cropped_fgnet,039A11.JPG,11
/content/face-alignment-mtcnn/cropped_fgnet,060A19.JPG,19
/content/face-alignment-mtcnn/cropped_fgnet,012A32.JPG,32
/content/face-alignment-mtcnn/cropped_fgnet,015A10.JPG,10
/content/face-alignment-mtcnn/cropped_fgnet,012A12.JPG,12
/content/face-alignment-mtcnn/cropped_fgnet,079A11.JPG,11
/content/face-alignment-mtcnn/cropped_fgnet,011A15.JPG,15
/content/face-alignment-mtcnn/cropped_fgnet,005A49.JPG,49
/content/face-alignment-mtcnn/cropped_fgnet,021A06.JPG,6
/content/face-alignment-mtcnn/cropped_fgnet,068A10b.JPG,10
/content/face-alignment-mtcnn/cropped_fgnet,078A15.JPG,15
/content/face-alignment-mtcnn/cropped_fgnet,074A12.JPG,12
/content/face-alignment-mtcnn/cropped_fgnet,012A04.JPG,4
/content/face-alignment-mtcnn/cropped_fgnet,061A10.JPG,10
/content/face-alignment-mtcnn/cropped_fgnet,041A19.JPG,19
/content/face-alignment-mtcnn/cropped_fgnet,081A11.JPG,11
/content/face-alignment-mtcnn/cropped_fgnet,072A02.JPG,2
/content/face-alignment-mtcnn/cropped_fgnet,040A19.JPG,19
/content/face-alignment-mtcnn/cropped_fgnet,035A16.JPG,16
/content/face-alignment-mtcnn/cropped_fgnet,022A26.JPG,26
/content/face-alignment-mtcnn/cropped_fgnet,050A22.JPG,22
/content/face-alignment-mtcnn/cropped_fgnet,038A04.JPG,4
/content/face-alignment-mtcnn/cropped_fgnet,031A04.JPG,4
/content/face-alignment-mtcnn/cropped_fgnet,073A01.JPG,1
/content/face-alignment-mtcnn/cropped_fgnet,005A52.JPG,52
/content/face-alignment-mtcnn/cropped_fgnet,076A14.JPG,14
/content/face-alignment-mtcnn/cropped_fgnet,013A30.JPG,30
/content/face-alignment-mtcnn/cropped_fgnet,060A12.JPG,12
/content/face-alignment-mtcnn/cropped_fgnet,063A22.JPG,22
/content/face-alignment-mtcnn/cropped_fgnet,017A12.JPG,12
/content/face-alignment-mtcnn/cropped_fgnet,081A12.JPG,12
/content/face-alignment-mtcnn/cropped_fgnet,001A10.JPG,10
/content/face-alignment-mtcnn/cropped_fgnet,035A09.JPG,9
/content/face-alignment-mtcnn/cropped_fgnet,008A18.JPG,18
/content/face-alignment-mtcnn/cropped_fgnet,004A30.JPG,30
/content/face-alignment-mtcnn/cropped_fgnet,016A08.JPG,8
/content/face-alignment-mtcnn/cropped_fgnet,035A01.JPG,1
/content/face-alignment-mtcnn/cropped_fgnet,029A31.JPG,31
/content/face-alignment-mtcnn/cropped_fgnet,068A11.JPG,11
/content/face-alignment-mtcnn/cropped_fgnet,079A09.JPG,9
/content/face-alignment-mtcnn/cropped_fgnet,054A06.JPG,6
/content/face-alignment-mtcnn/cropped_fgnet,027A25.JPG,25
/content/face-alignment-mtcnn/cropped_fgnet,034A13.JPG,13
/content/face-alignment-mtcnn/cropped_fgnet,078A11.JPG,11
/content/face-alignment-mtcnn/cropped_fgnet,080A12.JPG,12
/content/face-alignment-mtcnn/cropped_fgnet,027A36.JPG,36
/content/face-alignment-mtcnn/cropped_fgnet,031A00.JPG,0
/content/face-alignment-mtcnn/cropped_fgnet,053A01.JPG,1
/content/face-alignment-mtcnn/cropped_fgnet,061A07.JPG,7
/content/face-alignment-mtcnn/cropped_fgnet,001A43a.JPG,43
/content/face-alignment-mtcnn/cropped_fgnet,053A02.JPG,2
/content/face-alignment-mtcnn/cropped_fgnet,069A13.JPG,13
/content/face-alignment-mtcnn/cropped_fgnet,050A10.JPG,10
/content/face-alignment-mtcnn/cropped_fgnet,051A24.JPG,24
/content/face-alignment-mtcnn/cropped_fgnet,076A12.JPG,12
/content/face-alignment-mtcnn/cropped_fgnet,066A03.JPG,3
/content/face-alignment-mtcnn/cropped_fgnet,003A35.JPG,35
/content/face-alignment-mtcnn/cropped_fgnet,036A15.JPG,15
/content/face-alignment-mtcnn/cropped_fgnet,007A22.JPG,22
/content/face-alignment-mtcnn/cropped_fgnet,023A22.JPG,22
/content/face-alignment-mtcnn/cropped_fgnet,009A11.JPG,11
/content/face-alignment-mtcnn/cropped_fgnet,073A00.JPG,0
/content/face-alignment-mtcnn/cropped_fgnet,030A00.JPG,0
/content/face-alignment-mtcnn/cropped_fgnet,008A41.JPG,41
/content/face-alignment-mtcnn/cropped_fgnet,082A20.JPG,20
/content/face-alignment-mtcnn/cropped_fgnet,080A10.JPG,10
/content/face-alignment-mtcnn/cropped_fgnet,075A10.JPG,10
/content/face-alignment-mtcnn/cropped_fgnet,011A34.JPG,34
/content/face-alignment-mtcnn/cropped_fgnet,005A24.JPG,24
/content/face-alignment-mtcnn/cropped_fgnet,080A00.JPG,0
/content/face-alignment-mtcnn/cropped_fgnet,007A39.JPG,39
/content/face-alignment-mtcnn/cropped_fgnet,005A35.JPG,35
/content/face-alignment-mtcnn/cropped_fgnet,021A16.JPG,16
/content/face-alignment-mtcnn/cropped_fgnet,065A09.JPG,9
/content/face-alignment-mtcnn/cropped_fgnet,035A21.JPG,21
/content/face-alignment-mtcnn/cropped_fgnet,025A22.JPG,22
/content/face-alignment-mtcnn/cropped_fgnet,016A01.JPG,1
/content/face-alignment-mtcnn/cropped_fgnet,032A20.JPG,20
/content/face-alignment-mtcnn/cropped_fgnet,073A11.JPG,11
/content/face-alignment-mtcnn/cropped_fgnet,029A10.JPG,10
/content/face-alignment-mtcnn/cropped_fgnet,024A17.JPG,17
/content/face-alignment-mtcnn/cropped_fgnet,021A18.JPG,18
/content/face-alignment-mtcnn/cropped_fgnet,055A08.JPG,8
/content/face-alignment-mtcnn/cropped_fgnet,030A17.JPG,17
/content/face-alignment-mtcnn/cropped_fgnet,026A00.JPG,0
/content/face-alignment-mtcnn/cropped_fgnet,053A03.JPG,3
/content/face-alignment-mtcnn/cropped_fgnet,074A05.JPG,5
/content/face-alignment-mtcnn/cropped_fgnet,002A07.JPG,7
/content/face-alignment-mtcnn/cropped_fgnet,029A20.JPG,20
/content/face-alignment-mtcnn/cropped_fgnet,040A12.JPG,12
/content/face-alignment-mtcnn/cropped_fgnet,057A07.JPG,7
/content/face-alignment-mtcnn/cropped_fgnet,021A11.JPG,11
/content/face-alignment-mtcnn/cropped_fgnet,045A32.JPG,32
/content/face-alignment-mtcnn/cropped_fgnet,072A25.JPG,25
/content/face-alignment-mtcnn/cropped_fgnet,029A33.JPG,33
/content/face-alignment-mtcnn/cropped_fgnet,068A03.JPG,3
/content/face-alignment-mtcnn/cropped_fgnet,082A18.JPG,18
/content/face-alignment-mtcnn/cropped_fgnet,028A14.JPG,14
/content/face-alignment-mtcnn/cropped_fgnet,046A04.JPG,4
/content/face-alignment-mtcnn/cropped_fgnet,025A03.JPG,3
/content/face-alignment-mtcnn/cropped_fgnet,040A03a.JPG,3
/content/face-alignment-mtcnn/cropped_fgnet,010A07b.JPG,7
/content/face-alignment-mtcnn/cropped_fgnet,078A02.JPG,2
/content/face-alignment-mtcnn/cropped_fgnet,046A12.JPG,12
/content/face-alignment-mtcnn/cropped_fgnet,065A03a.JPG,3
/content/face-alignment-mtcnn/cropped_fgnet,077A15.JPG,15
/content/face-alignment-mtcnn/cropped_fgnet,081A10.JPG,10
/content/face-alignment-mtcnn/cropped_fgnet,046A01.JPG,1
/content/face-alignment-mtcnn/cropped_fgnet,034A35.JPG,35
/content/face-alignment-mtcnn/cropped_fgnet,072A11.JPG,11
/content/face-alignment-mtcnn/cropped_fgnet,074A06.JPG,6
/content/face-alignment-mtcnn/cropped_fgnet,009A18.JPG,18
/content/face-alignment-mtcnn/cropped_fgnet,080A06.JPG,6
/content/face-alignment-mtcnn/cropped_fgnet,026A02.JPG,2
/content/face-alignment-mtcnn/cropped_fgnet,069A04.JPG,4
/content/face-alignment-mtcnn/cropped_fgnet,051A16.JPG,16
/content/face-alignment-mtcnn/cropped_fgnet,040A14.JPG,14
/content/face-alignment-mtcnn/cropped_fgnet,049A10.JPG,10
/content/face-alignment-mtcnn/cropped_fgnet,038A01.JPG,1
/content/face-alignment-mtcnn/cropped_fgnet,002A31.JPG,31
/content/face-alignment-mtcnn/cropped_fgnet,068A14.JPG,14
/content/face-alignment-mtcnn/cropped_fgnet,004A19.JPG,19
/content/face-alignment-mtcnn/cropped_fgnet,014A12.JPG,12
/content/face-alignment-mtcnn/cropped_fgnet,037A18.JPG,18
/content/face-alignment-mtcnn/cropped_fgnet,003A38.JPG,38
/content/face-alignment-mtcnn/cropped_fgnet,077A03.JPG,3
/content/face-alignment-mtcnn/cropped_fgnet,034A15.JPG,15
/content/face-alignment-mtcnn/cropped_fgnet,077A01.JPG,1
/content/face-alignment-mtcnn/cropped_fgnet,012A27.JPG,27
/content/face-alignment-mtcnn/cropped_fgnet,065A07a.JPG,7
/content/face-alignment-mtcnn/cropped_fgnet,062A41.JPG,41
/content/face-alignment-mtcnn/cropped_fgnet,081A08.JPG,8
/content/face-alignment-mtcnn/cropped_fgnet,053A10.JPG,10
/content/face-alignment-mtcnn/cropped_fgnet,049A07.JPG,7
/content/face-alignment-mtcnn/cropped_fgnet,036A01.JPG,1
/content/face-alignment-mtcnn/cropped_fgnet,017A29.JPG,29
/content/face-alignment-mtcnn/cropped_fgnet,066A07.JPG,7
/content/face-alignment-mtcnn/cropped_fgnet,015A00.JPG,0
/content/face-alignment-mtcnn/cropped_fgnet,024A10.JPG,10
/content/face-alignment-mtcnn/cropped_fgnet,036A03.JPG,3
/content/face-alignment-mtcnn/cropped_fgnet,057A23.JPG,23
/content/face-alignment-mtcnn/cropped_fgnet,026A17.JPG,17
/content/face-alignment-mtcnn/cropped_fgnet,024A18.JPG,18
/content/face-alignment-mtcnn/cropped_fgnet,032A08.JPG,8
/content/face-alignment-mtcnn/cropped_fgnet,041A00.JPG,0
/content/face-alignment-mtcnn/cropped_fgnet,016A16.JPG,16
/content/face-alignment-mtcnn/cropped_fgnet,069A00.JPG,0
/content/face-alignment-mtcnn/cropped_fgnet,052A19.JPG,19
/content/face-alignment-mtcnn/cropped_fgnet,021A05.JPG,5
/content/face-alignment-mtcnn/cropped_fgnet,013A18.JPG,18
/content/face-alignment-mtcnn/cropped_fgnet,002A05.JPG,5
/content/face-alignment-mtcnn/cropped_fgnet,023A18.JPG,18
/content/face-alignment-mtcnn/cropped_fgnet,019A15.JPG,15
/content/face-alignment-mtcnn/cropped_fgnet,022A30.JPG,30
/content/face-alignment-mtcnn/cropped_fgnet,080A02.JPG,2
/content/face-alignment-mtcnn/cropped_fgnet,063A18.JPG,18
/content/face-alignment-mtcnn/cropped_fgnet,011A30.JPG,30
/content/face-alignment-mtcnn/cropped_fgnet,082A00.JPG,0
/content/face-alignment-mtcnn/cropped_fgnet,020A22.JPG,22
/content/face-alignment-mtcnn/cropped_fgnet,075A02.JPG,2
/content/face-alignment-mtcnn/cropped_fgnet,045A08.JPG,8
/content/face-alignment-mtcnn/cropped_fgnet,079A03.JPG,3
/content/face-alignment-mtcnn/cropped_fgnet,069A11.JPG,11
/content/face-alignment-mtcnn/cropped_fgnet,042A20.JPG,20
/content/face-alignment-mtcnn/cropped_fgnet,079A10.JPG,10
/content/face-alignment-mtcnn/cropped_fgnet,009A13.JPG,13
/content/face-alignment-mtcnn/cropped_fgnet,067A30.JPG,30
/content/face-alignment-mtcnn/cropped_fgnet,070A01.JPG,1
/content/face-alignment-mtcnn/cropped_fgnet,048A27.JPG,27
/content/face-alignment-mtcnn/cropped_fgnet,050A14.JPG,14
/content/face-alignment-mtcnn/cropped_fgnet,036A20.JPG,20
/content/face-alignment-mtcnn/cropped_fgnet,035A00.JPG,0
/content/face-alignment-mtcnn/cropped_fgnet,003A58.JPG,58
/content/face-alignment-mtcnn/cropped_fgnet,025A23.JPG,23
/content/face-alignment-mtcnn/cropped_fgnet,076A06.JPG,6
/content/face-alignment-mtcnn/cropped_fgnet,072A13.JPG,13
/content/face-alignment-mtcnn/cropped_fgnet,045A28.JPG,28
/content/face-alignment-mtcnn/cropped_fgnet,058A15.JPG,15
/content/face-alignment-mtcnn/cropped_fgnet,070A12.JPG,12
/content/face-alignment-mtcnn/cropped_fgnet,040A03b.JPG,3
/content/face-alignment-mtcnn/cropped_fgnet,061A19.JPG,19
/content/face-alignment-mtcnn/cropped_fgnet,008A31.JPG,31
/content/face-alignment-mtcnn/cropped_fgnet,082A25.JPG,25
/content/face-alignment-mtcnn/cropped_fgnet,051A14.JPG,14
/content/face-alignment-mtcnn/cropped_fgnet,032A35.JPG,35
/content/face-alignment-mtcnn/cropped_fgnet,066A08.JPG,8
/content/face-alignment-mtcnn/cropped_fgnet,053A08.JPG,8
/content/face-alignment-mtcnn/cropped_fgnet,062A30.JPG,30
/content/face-alignment-mtcnn/cropped_fgnet,002A23.JPG,23
/content/face-alignment-mtcnn/cropped_fgnet,070A00.JPG,0
/content/face-alignment-mtcnn/cropped_fgnet,039A45.JPG,45
/content/face-alignment-mtcnn/cropped_fgnet,034A11.JPG,11
/content/face-alignment-mtcnn/cropped_fgnet,082A03.JPG,3
/content/face-alignment-mtcnn/cropped_fgnet,014A42.JPG,42
/content/face-alignment-mtcnn/cropped_fgnet,073A04.JPG,4
/content/face-alignment-mtcnn/cropped_fgnet,013A41.JPG,41
/content/face-alignment-mtcnn/cropped_fgnet,042A14.JPG,14
/content/face-alignment-mtcnn/cropped_fgnet,076A15.JPG,15
/content/face-alignment-mtcnn/cropped_fgnet,034A21.JPG,21
/content/face-alignment-mtcnn/cropped_fgnet,067A39.JPG,39
/content/face-alignment-mtcnn/cropped_fgnet,022A23.JPG,23
/content/face-alignment-mtcnn/cropped_fgnet,048A33.JPG,33
/content/face-alignment-mtcnn/cropped_fgnet,040A07.JPG,7
/content/face-alignment-mtcnn/cropped_fgnet,004A48.JPG,48
/content/face-alignment-mtcnn/cropped_fgnet,061A30.JPG,30
/content/face-alignment-mtcnn/cropped_fgnet,010A15.JPG,15
/content/face-alignment-mtcnn/cropped_fgnet,037A09.JPG,9
/content/face-alignment-mtcnn/cropped_fgnet,030A20.JPG,20
/content/face-alignment-mtcnn/cropped_fgnet,006A46.JPG,46
/content/face-alignment-mtcnn/cropped_fgnet,071A27.JPG,27
/content/face-alignment-mtcnn/cropped_fgnet,065A08.JPG,8
/content/face-alignment-mtcnn/cropped_fgnet,027A20.JPG,20
/content/face-alignment-mtcnn/cropped_fgnet,004A21.JPG,21
/content/face-alignment-mtcnn/cropped_fgnet,011A20.JPG,20
/content/face-alignment-mtcnn/cropped_fgnet,063A02.JPG,2
/content/face-alignment-mtcnn/cropped_fgnet,074A00.JPG,0
/content/face-alignment-mtcnn/cropped_fgnet,080A03.JPG,3
/content/face-alignment-mtcnn/cropped_fgnet,055A22.JPG,22
/content/face-alignment-mtcnn/cropped_fgnet,010A09.JPG,9
/content/face-alignment-mtcnn/cropped_fgnet,046A16.JPG,16
/content/face-alignment-mtcnn/cropped_fgnet,035A05.JPG,5
/content/face-alignment-mtcnn/cropped_fgnet,012A25.JPG,25
/content/face-alignment-mtcnn/cropped_fgnet,056A03.JPG,3
/content/face-alignment-mtcnn/cropped_fgnet,072A14.JPG,14
/content/face-alignment-mtcnn/cropped_fgnet,042A06.JPG,6
/content/face-alignment-mtcnn/cropped_fgnet,038A23.JPG,23
/content/face-alignment-mtcnn/cropped_fgnet,023A29.JPG,29
/content/face-alignment-mtcnn/cropped_fgnet,052A04.JPG,4
/content/face-alignment-mtcnn/cropped_fgnet,013A23.JPG,23
/content/face-alignment-mtcnn/cropped_fgnet,001A33.JPG,33
/content/face-alignment-mtcnn/cropped_fgnet,072A17.JPG,17
/content/face-alignment-mtcnn/cropped_fgnet,062A38.JPG,38
/content/face-alignment-mtcnn/cropped_fgnet,023A03.JPG,3
/content/face-alignment-mtcnn/cropped_fgnet,072A07.JPG,7
/content/face-alignment-mtcnn/cropped_fgnet,063A04.JPG,4
/content/face-alignment-mtcnn/cropped_fgnet,004A28.JPG,28
/content/face-alignment-mtcnn/cropped_fgnet,067A28.JPG,28
/content/face-alignment-mtcnn/cropped_fgnet,034A18.JPG,18
/content/face-alignment-mtcnn/cropped_fgnet,065A04.JPG,4
/content/face-alignment-mtcnn/cropped_fgnet,053A00.JPG,0
/content/face-alignment-mtcnn/cropped_fgnet,043A27.JPG,27
/content/face-alignment-mtcnn/cropped_fgnet,031A06.JPG,6
/content/face-alignment-mtcnn/cropped_fgnet,047A12.JPG,12
/content/face-alignment-mtcnn/cropped_fgnet,002A26.JPG,26
/content/face-alignment-mtcnn/cropped_fgnet,017A32.JPG,32
/content/face-alignment-mtcnn/cropped_fgnet,046A02.JPG,2
/content/face-alignment-mtcnn/cropped_fgnet,079A08.JPG,8
/content/face-alignment-mtcnn/cropped_fgnet,051A00.JPG,0
/content/face-alignment-mtcnn/cropped_fgnet,080A09.JPG,9
/content/face-alignment-mtcnn/cropped_fgnet,016A03.JPG,3
/content/face-alignment-mtcnn/cropped_fgnet,044A03.JPG,3
/content/face-alignment-mtcnn/cropped_fgnet,009A03.JPG,3
/content/face-alignment-mtcnn/cropped_fgnet,024A28.JPG,28
/content/face-alignment-mtcnn/cropped_fgnet,031A14.JPG,14
/content/face-alignment-mtcnn/cropped_fgnet,011A40.JPG,40
/content/face-alignment-mtcnn/cropped_fgnet,052A17.JPG,17
/content/face-alignment-mtcnn/cropped_fgnet,078A03.JPG,3
/content/face-alignment-mtcnn/cropped_fgnet,032A15.JPG,15
/content/face-alignment-mtcnn/cropped_fgnet,080A14.JPG,14
/content/face-alignment-mtcnn/cropped_fgnet,037A02.JPG,2
/content/face-alignment-mtcnn/cropped_fgnet,080A01.JPG,1
/content/face-alignment-mtcnn/cropped_fgnet,063A08.JPG,8
/content/face-alignment-mtcnn/cropped_fgnet,044A05.JPG,5
/content/face-alignment-mtcnn/cropped_fgnet,048A00.JPG,0
/content/face-alignment-mtcnn/cropped_fgnet,035A18.JPG,18
/content/face-alignment-mtcnn/cropped_fgnet,015A19.JPG,19
/content/face-alignment-mtcnn/cropped_fgnet,055A12.JPG,12
/content/face-alignment-mtcnn/cropped_fgnet,038A03.JPG,3
/content/face-alignment-mtcnn/cropped_fgnet,011A02.JPG,2
/content/face-alignment-mtcnn/cropped_fgnet,018A34.JPG,34
/content/face-alignment-mtcnn/cropped_fgnet,061A06.JPG,6
/content/face-alignment-mtcnn/cropped_fgnet,009A22b.JPG,22
/content/face-alignment-mtcnn/cropped_fgnet,047A33.JPG,33
/content/face-alignment-mtcnn/cropped_fgnet,011A13.JPG,13
/content/face-alignment-mtcnn/cropped_fgnet,003A25.JPG,25
/content/face-alignment-mtcnn/cropped_fgnet,042A10.JPG,10
/content/face-alignment-mtcnn/cropped_fgnet,008A16.JPG,16
/content/face-alignment-mtcnn/cropped_fgnet,017A07.JPG,7
/content/face-alignment-mtcnn/cropped_fgnet,016A05.JPG,5
/content/face-alignment-mtcnn/cropped_fgnet,002A15.JPG,15
/content/face-alignment-mtcnn/cropped_fgnet,038A08.JPG,8
/content/face-alignment-mtcnn/cropped_fgnet,075A11.JPG,11
/content/face-alignment-mtcnn/cropped_fgnet,019A05.JPG,5
/content/face-alignment-mtcnn/cropped_fgnet,049A06.JPG,6
/content/face-alignment-mtcnn/cropped_fgnet,053A06.JPG,6
/content/face-alignment-mtcnn/cropped_fgnet,047A55.JPG,55
/content/face-alignment-mtcnn/cropped_fgnet,058A05.JPG,5
/content/face-alignment-mtcnn/cropped_fgnet,018A16.JPG,16
/content/face-alignment-mtcnn/cropped_fgnet,078A09.JPG,9
/content/face-alignment-mtcnn/cropped_fgnet,056A06.JPG,6
/content/face-alignment-mtcnn/cropped_fgnet,017A15.JPG,15
/content/face-alignment-mtcnn/cropped_fgnet,009A09.JPG,9
/content/face-alignment-mtcnn/cropped_fgnet,072A21.JPG,21
/content/face-alignment-mtcnn/cropped_fgnet,052A14.JPG,14
/content/face-alignment-mtcnn/cropped_fgnet,020A24.JPG,24
/content/face-alignment-mtcnn/cropped_fgnet,045A25.JPG,25
/content/face-alignment-mtcnn/cropped_fgnet,018A18.JPG,18
/content/face-alignment-mtcnn/cropped_fgnet,045A17.JPG,17
/content/face-alignment-mtcnn/cropped_fgnet,035A23a.JPG,23
/content/face-alignment-mtcnn/cropped_fgnet,002A16.JPG,16
/content/face-alignment-mtcnn/cropped_fgnet,078A12.JPG,12
/content/face-alignment-mtcnn/cropped_fgnet,061A17.JPG,17
/content/face-alignment-mtcnn/cropped_fgnet,058A01.JPG,1
/content/face-alignment-mtcnn/cropped_fgnet,072A41.JPG,41
/content/face-alignment-mtcnn/cropped_fgnet,078A13.JPG,13
/content/face-alignment-mtcnn/cropped_fgnet,054A04.JPG,4
/content/face-alignment-mtcnn/cropped_fgnet,062A16.JPG,16
/content/face-alignment-mtcnn/cropped_fgnet,065A06b.JPG,6
/content/face-alignment-mtcnn/cropped_fgnet,007A18.JPG,18
/content/face-alignment-mtcnn/cropped_fgnet,030A05.JPG,5
/content/face-alignment-mtcnn/cropped_fgnet,080A04.JPG,4
/content/face-alignment-mtcnn/cropped_fgnet,016A18.JPG,18
/content/face-alignment-mtcnn/cropped_fgnet,005A61.JPG,61
/content/face-alignment-mtcnn/cropped_fgnet,065A11.JPG,11
/content/face-alignment-mtcnn/cropped_fgnet,053A04.JPG,4
/content/face-alignment-mtcnn/cropped_fgnet,052A16.JPG,16
/content/face-alignment-mtcnn/cropped_fgnet,074A01.JPG,1
/content/face-alignment-mtcnn/cropped_fgnet,074A03.JPG,3
/content/face-alignment-mtcnn/cropped_fgnet,077A06.JPG,6
/content/face-alignment-mtcnn/cropped_fgnet,074A07.JPG,7
/content/face-alignment-mtcnn/cropped_fgnet,038A21.JPG,21
/content/face-alignment-mtcnn/cropped_fgnet,039A07.JPG,7
/content/face-alignment-mtcnn/cropped_fgnet,081A06.JPG,6
/content/face-alignment-mtcnn/cropped_fgnet,008A30.JPG,30
/content/face-alignment-mtcnn/cropped_fgnet,060A02.JPG,2
/content/face-alignment-mtcnn/cropped_fgnet,023A00.JPG,0
/content/face-alignment-mtcnn/cropped_fgnet,066A04.JPG,4
/content/face-alignment-mtcnn/cropped_fgnet,001A14.JPG,14
/content/face-alignment-mtcnn/cropped_fgnet,036A13.JPG,13
/content/face-alignment-mtcnn/cropped_fgnet,076A16.JPG,16
/content/face-alignment-mtcnn/cropped_fgnet,026A13.JPG,13
/content/face-alignment-mtcnn/cropped_fgnet,032A18.JPG,18
/content/face-alignment-mtcnn/cropped_fgnet,009A14.JPG,14
/content/face-alignment-mtcnn/cropped_fgnet,001A08.JPG,8
/content/face-alignment-mtcnn/cropped_fgnet,068A10a.JPG,10
/content/face-alignment-mtcnn/cropped_fgnet,030A23.JPG,23
/content/face-alignment-mtcnn/cropped_fgnet,003A49.JPG,49
/content/face-alignment-mtcnn/cropped_fgnet,081A02.JPG,2
/content/face-alignment-mtcnn/cropped_fgnet,028A20.JPG,20
/content/face-alignment-mtcnn/cropped_fgnet,020A26.JPG,26
/content/face-alignment-mtcnn/cropped_fgnet,035A12.JPG,12
/content/face-alignment-mtcnn/cropped_fgnet,009A16b.JPG,16
/content/face-alignment-mtcnn/cropped_fgnet,056A12.JPG,12
/content/face-alignment-mtcnn/cropped_fgnet,015A03.JPG,3
/content/face-alignment-mtcnn/cropped_fgnet,028A46.JPG,46
/content/face-alignment-mtcnn/cropped_fgnet,064A01.JPG,1
/content/face-alignment-mtcnn/cropped_fgnet,016A04.JPG,4
/content/face-alignment-mtcnn/cropped_fgnet,001A18.JPG,18
/content/face-alignment-mtcnn/cropped_fgnet,039A05.JPG,5
/content/face-alignment-mtcnn/cropped_fgnet,036A18.JPG,18
/content/face-alignment-mtcnn/cropped_fgnet,012A23.JPG,23
/content/face-alignment-mtcnn/cropped_fgnet,018A33.JPG,33
/content/face-alignment-mtcnn/cropped_fgnet,001A16.JPG,16
/content/face-alignment-mtcnn/cropped_fgnet,065A10.JPG,10
/content/face-alignment-mtcnn/cropped_fgnet,063A09.JPG,9
/content/face-alignment-mtcnn/cropped_fgnet,071A23.JPG,23
/content/face-alignment-mtcnn/cropped_fgnet,043A19.JPG,19
/content/face-alignment-mtcnn/cropped_fgnet,016A19.JPG,19
/content/face-alignment-mtcnn/cropped_fgnet,074A08.JPG,8
/content/face-alignment-mtcnn/cropped_fgnet,041A21.JPG,21
/content/face-alignment-mtcnn/cropped_fgnet,045A06.JPG,6
/content/face-alignment-mtcnn/cropped_fgnet,036A08.JPG,8
/content/face-alignment-mtcnn/cropped_fgnet,076A01.JPG,1
/content/face-alignment-mtcnn/cropped_fgnet,065A02b.JPG,2
/content/face-alignment-mtcnn/cropped_fgnet,046A14.JPG,14
/content/face-alignment-mtcnn/cropped_fgnet,027A30.JPG,30
/content/face-alignment-mtcnn/cropped_fgnet,025A12.JPG,12
/content/face-alignment-mtcnn/cropped_fgnet,002A38.JPG,38
/content/face-alignment-mtcnn/cropped_fgnet,048A11.JPG,11
/content/face-alignment-mtcnn/cropped_fgnet,076A10.JPG,10
/content/face-alignment-mtcnn/cropped_fgnet,021A23.JPG,23
/content/face-alignment-mtcnn/cropped_fgnet,070A05.JPG,5
/content/face-alignment-mtcnn/cropped_fgnet,048A09.JPG,9
/content/face-alignment-mtcnn/cropped_fgnet,071A24.JPG,24
/content/face-alignment-mtcnn/cropped_fgnet,008A03.JPG,3
/content/face-alignment-mtcnn/cropped_fgnet,018A11.JPG,11
/content/face-alignment-mtcnn/cropped_fgnet,006A42.JPG,42
/content/face-alignment-mtcnn/cropped_fgnet,033A14.JPG,14
/content/face-alignment-mtcnn/cropped_fgnet,056A02.JPG,2
/content/face-alignment-mtcnn/cropped_fgnet,073A03.JPG,3
/content/face-alignment-mtcnn/cropped_fgnet,056A04.JPG,4
/content/face-alignment-mtcnn/cropped_fgnet,081A05.JPG,5
/content/face-alignment-mtcnn/cropped_fgnet,066A06a.JPG,6
/content/face-alignment-mtcnn/cropped_fgnet,049A16.JPG,16
/content/face-alignment-mtcnn/cropped_fgnet,047A11.JPG,11
/content/face-alignment-mtcnn/cropped_fgnet,005A31.JPG,31
/content/face-alignment-mtcnn/cropped_fgnet,039A15.JPG,15
/content/face-alignment-mtcnn/cropped_fgnet,080A13.JPG,13
/content/face-alignment-mtcnn/cropped_fgnet,050A18.JPG,18
/content/face-alignment-mtcnn/cropped_fgnet,073A05.JPG,5
/content/face-alignment-mtcnn/cropped_fgnet,027A11.JPG,11
/content/face-alignment-mtcnn/cropped_fgnet,029A01.JPG,1
/content/face-alignment-mtcnn/cropped_fgnet,052A10.JPG,10
/content/face-alignment-mtcnn/cropped_fgnet,070A02.JPG,2
/content/face-alignment-mtcnn/cropped_fgnet,037A17.JPG,17
/content/face-alignment-mtcnn/cropped_fgnet,050A16.JPG,16
/content/face-alignment-mtcnn/cropped_fgnet,050A03.JPG,3
/content/face-alignment-mtcnn/cropped_fgnet,005A40.JPG,40
/content/face-alignment-mtcnn/cropped_fgnet,082A16.JPG,16
/content/face-alignment-mtcnn/cropped_fgnet,032A40.JPG,40
/content/face-alignment-mtcnn/cropped_fgnet,001A40.JPG,40
/content/face-alignment-mtcnn/cropped_fgnet,026A04.JPG,4
/content/face-alignment-mtcnn/cropped_fgnet,048A30.JPG,30
/content/face-alignment-mtcnn/cropped_fgnet,002A12.JPG,12
/content/face-alignment-mtcnn/cropped_fgnet,039A19.JPG,19
/content/face-alignment-mtcnn/cropped_fgnet,039A50.JPG,50
/content/face-alignment-mtcnn/cropped_fgnet,066A00.JPG,0
/content/face-alignment-mtcnn/cropped_fgnet,058A10.JPG,10
/content/face-alignment-mtcnn/cropped_fgnet,018A29.JPG,29
/content/face-alignment-mtcnn/cropped_fgnet,001A29.JPG,29
/content/face-alignment-mtcnn/cropped_fgnet,026A11.JPG,11
/content/face-alignment-mtcnn/cropped_fgnet,021A35.JPG,35
/content/face-alignment-mtcnn/cropped_fgnet,040A21.JPG,21
/content/face-alignment-mtcnn/cropped_fgnet,077A11.JPG,11
/content/face-alignment-mtcnn/cropped_fgnet,011A14.JPG,14
/content/face-alignment-mtcnn/cropped_fgnet,073A08.JPG,8
/content/face-alignment-mtcnn/cropped_fgnet,067A26.JPG,26
/content/face-alignment-mtcnn/cropped_fgnet,031A12.JPG,12
/content/face-alignment-mtcnn/cropped_fgnet,031A02.JPG,2
/content/face-alignment-mtcnn/cropped_fgnet,007A26.JPG,26
/content/face-alignment-mtcnn/cropped_fgnet,058A03.JPG,3
/content/face-alignment-mtcnn/cropped_fgnet,045A40.JPG,40
/content/face-alignment-mtcnn/cropped_fgnet,061A18.JPG,18
/content/face-alignment-mtcnn/cropped_fgnet,023A14.JPG,14
/content/face-alignment-mtcnn/cropped_fgnet,031A09.JPG,9
/content/face-alignment-mtcnn/cropped_fgnet,017A38.JPG,38
/content/face-alignment-mtcnn/cropped_fgnet,017A22.JPG,22
/content/face-alignment-mtcnn/cropped_fgnet,006A61.JPG,61
/content/face-alignment-mtcnn/cropped_fgnet,026A18.JPG,18
/content/face-alignment-mtcnn/cropped_fgnet,082A27.JPG,27
/content/face-alignment-mtcnn/cropped_fgnet,041A13.JPG,13
/content/face-alignment-mtcnn/cropped_fgnet,066A06b.JPG,6
/content/face-alignment-mtcnn/cropped_fgnet,016A14.JPG,14
/content/face-alignment-mtcnn/cropped_fgnet,076A13.JPG,13
/content/face-alignment-mtcnn/cropped_fgnet,037A04.JPG,4
/content/face-alignment-mtcnn/cropped_fgnet,076A07.JPG,7
/content/face-alignment-mtcnn/cropped_fgnet,078A06.JPG,6
/content/face-alignment-mtcnn/cropped_fgnet,028A34.JPG,34
/content/face-alignment-mtcnn/cropped_fgnet,067A04.JPG,4
/content/face-alignment-mtcnn/cropped_fgnet,011A27.JPG,27
/content/face-alignment-mtcnn/cropped_fgnet,047A05.JPG,5
/content/face-alignment-mtcnn/cropped_fgnet,082A31.JPG,31
/content/face-alignment-mtcnn/cropped_fgnet,001A19.JPG,19
/content/face-alignment-mtcnn/cropped_fgnet,020A08.JPG,8
/content/face-alignment-mtcnn/cropped_fgnet,015A14.JPG,14
/content/face-alignment-mtcnn/cropped_fgnet,067A21.JPG,21
/content/face-alignment-mtcnn/cropped_fgnet,077A12.JPG,12
/content/face-alignment-mtcnn/cropped_fgnet,044A18.JPG,18
/content/face-alignment-mtcnn/cropped_fgnet,010A07a.JPG,7
/content/face-alignment-mtcnn/cropped_fgnet,053A11.JPG,11
/content/face-alignment-mtcnn/cropped_fgnet,016A12.JPG,12
/content/face-alignment-mtcnn/cropped_fgnet,010A04.JPG,4
/content/face-alignment-mtcnn/cropped_fgnet,018A28.JPG,28
/content/face-alignment-mtcnn/cropped_fgnet,079A12.JPG,12
/content/face-alignment-mtcnn/cropped_fgnet,054A16.JPG,16
/content/face-alignment-mtcnn/cropped_fgnet,024A25.JPG,25
/content/face-alignment-mtcnn/cropped_fgnet,072A29.JPG,29
/content/face-alignment-mtcnn/cropped_fgnet,055A04.JPG,4
/content/face-alignment-mtcnn/cropped_fgnet,034A02.JPG,2
/content/face-alignment-mtcnn/cropped_fgnet,020A02.JPG,2
/content/face-alignment-mtcnn/cropped_fgnet,048A46.JPG,46
/content/face-alignment-mtcnn/cropped_fgnet,042A24.JPG,24
/content/face-alignment-mtcnn/cropped_fgnet,048A18.JPG,18
/content/face-alignment-mtcnn/cropped_fgnet,043A23.JPG,23
/content/face-alignment-mtcnn/cropped_fgnet,071A40.JPG,40
/content/face-alignment-mtcnn/cropped_fgnet,038A17.JPG,17
/content/face-alignment-mtcnn/cropped_fgnet,061A29.JPG,29
/content/face-alignment-mtcnn/cropped_fgnet,054A17.JPG,17
/content/face-alignment-mtcnn/cropped_fgnet,022A28.JPG,28
/content/face-alignment-mtcnn/cropped_fgnet,028A18.JPG,18
/content/face-alignment-mtcnn/cropped_fgnet,027A41.JPG,41
/content/face-alignment-mtcnn/cropped_fgnet,058A00.JPG,0
/content/face-alignment-mtcnn/cropped_fgnet,074A09.JPG,9
/content/face-alignment-mtcnn/cropped_fgnet,030A10.JPG,10
/content/face-alignment-mtcnn/cropped_fgnet,031A07.JPG,7
/content/face-alignment-mtcnn/cropped_fgnet,004A62.JPG,62
/content/face-alignment-mtcnn/cropped_fgnet,055A14.JPG,14
/content/face-alignment-mtcnn/cropped_fgnet,060A08.JPG,8
/content/face-alignment-mtcnn/cropped_fgnet,032A33.JPG,33
/content/face-alignment-mtcnn/cropped_fgnet,060A10.JPG,10
/content/face-alignment-mtcnn/cropped_fgnet,004A26.JPG,26
/content/face-alignment-mtcnn/cropped_fgnet,060A11.JPG,11
/content/face-alignment-mtcnn/cropped_fgnet,079A02.JPG,2
/content/face-alignment-mtcnn/cropped_fgnet,074A10.JPG,10
/content/face-alignment-mtcnn/cropped_fgnet,015A01.JPG,1
/content/face-alignment-mtcnn/cropped_fgnet,022A16.JPG,16
/content/face-alignment-mtcnn/cropped_fgnet,071A00.JPG,0
/content/face-alignment-mtcnn/cropped_fgnet,001A05.JPG,5
/content/face-alignment-mtcnn/cropped_fgnet,003A20.JPG,20
/content/face-alignment-mtcnn/cropped_fgnet,047A45.JPG,45
/content/face-alignment-mtcnn/cropped_fgnet,025A15.JPG,15
/content/face-alignment-mtcnn/cropped_fgnet,032A24.JPG,24
/content/face-alignment-mtcnn/cropped_fgnet,015A17.JPG,17
/content/face-alignment-mtcnn/cropped_fgnet,028A41.JPG,41
/content/face-alignment-mtcnn/cropped_fgnet,006A36.JPG,36
/content/face-alignment-mtcnn/cropped_fgnet,042A00.JPG,0
/content/face-alignment-mtcnn/cropped_fgnet,013A44.JPG,44
/content/face-alignment-mtcnn/cropped_fgnet,031A15.JPG,15
/content/face-alignment-mtcnn/cropped_fgnet,017A17.JPG,17
/content/face-alignment-mtcnn/cropped_fgnet,011A11.JPG,11
/content/face-alignment-mtcnn/cropped_fgnet,043A10.JPG,10
/content/face-alignment-mtcnn/cropped_fgnet,033A21.JPG,21
/content/face-alignment-mtcnn/cropped_fgnet,070A03.JPG,3
/content/face-alignment-mtcnn/cropped_fgnet,074A02.JPG,2
/content/face-alignment-mtcnn/cropped_fgnet,064A15.JPG,15
/content/face-alignment-mtcnn/cropped_fgnet,075A00.JPG,0
/content/face-alignment-mtcnn/cropped_fgnet,061A04.JPG,4
/content/face-alignment-mtcnn/cropped_fgnet,036A00.JPG,0
/content/face-alignment-mtcnn/cropped_fgnet,024A30.JPG,30
